{
  "fish-clock-finding": 0.40000000000000013,
  "fish-clock-retraction-heed": 1.5999999999999999
}