{
  "c1-claim": 0.10000000000000003,
  "c1-filler": 0.40000000000000013,
  "c1-notice": 0.40000000000000013
}